{
    "logistic": {
        "accuracy": 0.9866666666666667,
        "classification_report": {
            "0": {
                "precision": 0.9954128440366973,
                "recall": 0.9908675799086758,
                "f1-score": 0.9931350114416476,
                "support": 219.0
            },
            "1": {
                "precision": 1.0,
                "recall": 0.9375,
                "f1-score": 0.967741935483871,
                "support": 16.0
            },
            "2": {
                "precision": 0.9552238805970149,
                "recall": 0.9846153846153847,
                "f1-score": 0.9696969696969697,
                "support": 65.0
            },
            "accuracy": 0.9866666666666667,
            "macro avg": {
                "precision": 0.9835455748779042,
                "recall": 0.9709943215080202,
                "f1-score": 0.9768579722074962,
                "support": 300.0
            },
            "weighted avg": {
                "precision": 0.9869498836094757,
                "recall": 0.9866666666666667,
                "f1-score": 0.9867024716792192,
                "support": 300.0
            }
        }
    },
    "knn": {
        "accuracy": 0.9533333333333334,
        "classification_report": {
            "0": {
                "precision": 0.956140350877193,
                "recall": 0.9954337899543378,
                "f1-score": 0.9753914988814317,
                "support": 219.0
            },
            "1": {
                "precision": 1.0,
                "recall": 0.8125,
                "f1-score": 0.896551724137931,
                "support": 16.0
            },
            "2": {
                "precision": 0.9322033898305084,
                "recall": 0.8461538461538461,
                "f1-score": 0.8870967741935484,
                "support": 65.0
            },
            "accuracy": 0.9533333333333334,
            "macro avg": {
                "precision": 0.9627812469025671,
                "recall": 0.884695878702728,
                "f1-score": 0.9196799990709704,
                "support": 300.0
            },
            "weighted avg": {
                "precision": 0.9532931906036276,
                "recall": 0.9533333333333334,
                "f1-score": 0.9520561872127369,
                "support": 300.0
            }
        }
    }
}